三浩株式会社,mihirokabushikigaisha
三碧株式会社,sannpekikabushikigaisha
三豊株式会社,mitoyokabushikigaisha
三郎株式会社,saburoukabushikigaisha
上介株式会社,uesukekabushikigaisha
上太株式会社,uebutokabushikigaisha
上斗株式会社,uetokabushikigaisha
上樹株式会社,uekikabushikigaisha
上浩株式会社,uehirokabushikigaisha
上真株式会社,kamimakotokabushikigaisha
上磨株式会社,uemakabushikigaisha
上航株式会社,uewatarukabushikigaisha
上郎株式会社,ueroukabushikigaisha
中人株式会社,nakajinnkabushikigaisha
中介株式会社,nakasukekabushikigaisha
中司株式会社,nakatsukasakabushikigaisha
中周株式会社,nakashuukabushikigaisha
中啓株式会社,nakakeikabushikigaisha
中夢株式会社,nakayumekabushikigaisha
中大株式会社,chuudaikabushikigaisha
中太株式会社,chuubutokabushikigaisha
中孝株式会社,nakatakashikabushikigaisha
中実株式会社,nakajitsukabushikigaisha
中志株式会社,nakakokorozashikabushikigaisha
中斗株式会社,nakatokabushikigaisha
中明株式会社,nakameikabushikigaisha
中晴株式会社,nakaharekabushikigaisha
中智株式会社,nakachikabushikigaisha
中樹株式会社,nakakikabushikigaisha
中浩株式会社,nakahirokabushikigaisha
中真株式会社,nakamakotokabushikigaisha
中磨株式会社,nakamakabushikigaisha
中舜株式会社,nakashunnkabushikigaisha
中航株式会社,nakakoukabushikigaisha
中葵株式会社,"nakaao""ikabushikigaisha"
中薫株式会社,"nakakao""rukabushikigaisha"
中豊株式会社,nakayutakakabushikigaisha
中貴株式会社,nakakikabushikigaisha
中郎株式会社,nakaroukabushikigaisha
丸介株式会社,marusukekabushikigaisha
丸太株式会社,marutakabushikigaisha
久介株式会社,hisashisukekabushikigaisha
久佑株式会社,hisayuukabushikigaisha
久哉株式会社,hisayakabushikigaisha
久太株式会社,hisashitakabushikigaisha
久孝株式会社,hisatakashikabushikigaisha
久希株式会社,hisashikikabushikigaisha
久暁株式会社,hisashiakatsukikabushikigaisha
久浩株式会社,hisahiroshikabushikigaisha
久生株式会社,hisashishoukabushikigaisha
久真株式会社,hisamakotokabushikigaisha
久輝株式会社,hisaterukabushikigaisha
久郎株式会社,hisashiroukabushikigaisha
久隼株式会社,hisahayabusakabushikigaisha
五也株式会社,iyakabushikigaisha
五介株式会社,gosukekabushikigaisha
五哉株式会社,ikanakabushikigaisha
五孝株式会社,itakashikabushikigaisha
五浩株式会社,ihirokabushikigaisha
五空株式会社,ikarakabushikigaisha
五郎株式会社,goroukabushikigaisha
井介株式会社,isukekabushikigaisha
井平株式会社,itairakabushikigaisha
井樹株式会社,iitsukikabushikigaisha
井稔株式会社,iminorukabushikigaisha
井純株式会社,ijunnkabushikigaisha
井郎株式会社,iroukabushikigaisha
今仁株式会社,konnjinnkabushikigaisha
今俊株式会社,konnshunnkabushikigaisha
今吾株式会社,konnwakabushikigaisha
今孝株式会社,konntakashikabushikigaisha
今希株式会社,konnkikabushikigaisha
今斗株式会社,konntokabushikigaisha
今汰株式会社,konntakabushikigaisha
今稔株式会社,konnminorukabushikigaisha
今郎株式会社,konnroukabushikigaisha
伊一株式会社,iichikabushikigaisha
伊也株式会社,inarikabushikigaisha
伊介株式会社,isukekabushikigaisha
伊孝株式会社,itakashikabushikigaisha
伊河株式会社,igawakabushikigaisha
伊浩株式会社,ihiroshikabushikigaisha
伊碧株式会社,imidorikabushikigaisha
伊磨株式会社,imakabushikigaisha
伊豊株式会社,iyutakakabushikigaisha
伊賢株式会社,ikennkabushikigaisha
伊輔株式会社,isukekabushikigaisha
伊郎株式会社,iroukabushikigaisha
佐也株式会社,tasukunarikabushikigaisha
佐人株式会社,saninnkabushikigaisha
佐介株式会社,tasukusukekabushikigaisha
佐健株式会社,sakennkabushikigaisha
佐孝株式会社,satakashikabushikigaisha
佐志株式会社,tasukukokorozashikabushikigaisha
佐悟株式会社,sasatorukabushikigaisha
佐成株式会社,sashigerukabushikigaisha
佐斗株式会社,satokabushikigaisha
佐樹株式会社,tasukukikabushikigaisha
佐歩株式会社,saayumikabushikigaisha
佐磨株式会社,samakabushikigaisha
佐郎株式会社,tasukuroukabushikigaisha
佐響株式会社,sakyoukabushikigaisha
内介株式会社,uchisukekabushikigaisha
内大株式会社,uchidaikabushikigaisha
内太株式会社,uchifutoshikabushikigaisha
内尊株式会社,uchitakerukabushikigaisha
内慶株式会社,uchikeikabushikigaisha
内斗株式会社,uchitokabushikigaisha
内海株式会社,naikaikabushikigaisha
内磨株式会社,uchimakabushikigaisha
内純株式会社,naijunnkabushikigaisha
内航株式会社,naikoukabushikigaisha
内輔株式会社,uchisukekabushikigaisha
内郎株式会社,uchiroukabushikigaisha
前一株式会社,zennichikabushikigaisha
前孝株式会社,maetakashikabushikigaisha
前斗株式会社,zenntokabushikigaisha
前浩株式会社,maehirokabushikigaisha
前豪株式会社,maegoukabushikigaisha
前郎株式会社,zennroukabushikigaisha
加一株式会社,kaichikabushikigaisha
加也株式会社,kayakabushikigaisha
加介株式会社,kasukekabushikigaisha
加地株式会社,kajikabushikigaisha
加孝株式会社,katakashikabushikigaisha
加巧株式会社,katakumikabushikigaisha
加浩株式会社,kahiroshikabushikigaisha
加直株式会社,"kasunao""kabushikigaisha"
北仁株式会社,kitahitoshikabushikigaisha
北介株式会社,kitasukekabushikigaisha
北斗株式会社,hokutokabushikigaisha
北浩株式会社,kitahiroshikabushikigaisha
北郎株式会社,kitaroukabushikigaisha
千介株式会社,sennsukekabushikigaisha
千向株式会社,sennkoukabushikigaisha
千太株式会社,senntakabushikigaisha
千尊株式会社,sennsonnkabushikigaisha
千郎株式会社,sennroukabushikigaisha
南介株式会社,minamisukekabushikigaisha
南修株式会社,"minamio""samukabushikigaisha"
南夢株式会社,minamiyumekabushikigaisha
南斗株式会社,minamitokabushikigaisha
南浩株式会社,minamihiroshikabushikigaisha
南海株式会社,nannkaikabushikigaisha
南純株式会社,minamijunnkabushikigaisha
原介株式会社,harakaikabushikigaisha
原匠株式会社,haratakumikabushikigaisha
原吹株式会社,gennsuikabushikigaisha
原哉株式会社,harahajimekabushikigaisha
原大株式会社,haradaikabushikigaisha
原孝株式会社,haratakashikabushikigaisha
原彰株式会社,haraakirakabushikigaisha
原旭株式会社,haraasahikabushikigaisha
原明株式会社,harameikabushikigaisha
原樹株式会社,harajukabushikigaisha
原浩株式会社,harahiroshikabushikigaisha
原賢株式会社,harakennkabushikigaisha
原郎株式会社,gennroukabushikigaisha
古人株式会社,kojinnkabushikigaisha
古介株式会社,furusukekabushikigaisha
古元株式会社,furumotokabushikigaisha
古圭株式会社,furukeikabushikigaisha
古大株式会社,furudaikabushikigaisha
古歩株式会社,furuhokabushikigaisha
古浩株式会社,furuhiroshikabushikigaisha
古真株式会社,furumakabushikigaisha
古郎株式会社,fururoukabushikigaisha
古駕株式会社,furugakabushikigaisha
吉人株式会社,kichijinnkabushikigaisha
吉介株式会社,kichisukekabushikigaisha
吉優株式会社,kichiyuukabushikigaisha
吉司株式会社,kichitsukasakabushikigaisha
吉和株式会社,kichikazukabushikigaisha
吉圭株式会社,kichikeikabushikigaisha
吉夢株式会社,kichiyumekabushikigaisha
吉太株式会社,kichifutoshikabushikigaisha
吉孝株式会社,kichitakashikabushikigaisha
吉志株式会社,kichikokorozashikabushikigaisha
吉朔株式会社,yoshinorikabushikigaisha
吉楓株式会社,kichikaedekabushikigaisha
吉真株式会社,kichimakotokabushikigaisha
吉舜株式会社,yoshishunnkabushikigaisha
吉輝株式会社,kichiterukabushikigaisha
吉郎株式会社,yoshiroukabushikigaisha
和介株式会社,kazusukekabushikigaisha
和孝株式会社,kazutakakabushikigaisha
和寛株式会社,kazuhirokabushikigaisha
和斗株式会社,kazutokabushikigaisha
和輝株式会社,kazuterukabushikigaisha
和陽株式会社,kazuyoukabushikigaisha
土一株式会社,tsuchiichikabushikigaisha
土介株式会社,tsuchisukekabushikigaisha
土佑株式会社,tsuchiyuukabushikigaisha
土浩株式会社,dohirokabushikigaisha
土瑛株式会社,tsuchieikabushikigaisha
土舜株式会社,doshunnkabushikigaisha
土郎株式会社,doroukabushikigaisha
土駿株式会社,tsuchishunnkabushikigaisha
坂也株式会社,sakanarikabushikigaisha
坂吾株式会社,sakawakabushikigaisha
坂哉株式会社,sakahajimekabushikigaisha
坂慧株式会社,sakasatoshikabushikigaisha
坂汰株式会社,sakatakabushikigaisha
坂浩株式会社,sakahiroshikabushikigaisha
坂郎株式会社,sakaroukabushikigaisha
堀介株式会社,horikaikabushikigaisha
堀太株式会社,horifutoshikabushikigaisha
堀孝株式会社,horitakashikabushikigaisha
堀空株式会社,horikarakabushikigaisha
堀郎株式会社,horiroukabushikigaisha
堀陽株式会社,horiyoukabushikigaisha
堀駕株式会社,horigakabushikigaisha
増人株式会社,zoujinnkabushikigaisha
増仁株式会社,zoujinnkabushikigaisha
増孝株式会社,zoutakashikabushikigaisha
増斗株式会社,zoutokabushikigaisha
増晃株式会社,zouakirakabushikigaisha
増浩株式会社,zouhirokabushikigaisha
増真株式会社,zoumakabushikigaisha
増郎株式会社,zouroukabushikigaisha
大一株式会社,daiichikabushikigaisha
大也株式会社,dainarikabushikigaisha
大人株式会社,"o""tonakabushikigaisha"
大介株式会社,daisukekabushikigaisha
大剛株式会社,daigoukabushikigaisha
大向株式会社,daimukekabushikigaisha
大吹株式会社,"o""o""suikabushikigaisha"
大夢株式会社,hiromukabushikigaisha
大大株式会社,daidaikabushikigaisha
大太株式会社,masarutakabushikigaisha
大孝株式会社,daitakashikabushikigaisha
大学株式会社,daigakukabushikigaisha
大実株式会社,daijitsukabushikigaisha
大寛株式会社,daihiroshikabushikigaisha
大岳株式会社,"o""o""takekabushikigaisha"
大希株式会社,hirokikabushikigaisha
大彰株式会社,daiakirakabushikigaisha
大悟株式会社,daigokabushikigaisha
大拓株式会社,daitakukabushikigaisha
大晃株式会社,daiakirakabushikigaisha
大暖株式会社,daidannkabushikigaisha
大柊株式会社,daihiiragikabushikigaisha
大汰株式会社,"o""o""takabushikigaisha"
大浩株式会社,daihirokabushikigaisha
大湊株式会社,"o""o""minatokabushikigaisha"
大潤株式会社,daijunnkabushikigaisha
大磨株式会社,"o""o""makabushikigaisha"
大稔株式会社,daiminorukabushikigaisha
大翔株式会社,harutokabushikigaisha
大誠株式会社,daimakotokabushikigaisha
大輝株式会社,taikikabushikigaisha
大郎株式会社,masaruroukabushikigaisha
大陽株式会社,daiyoukabushikigaisha
太一株式会社,taichikabushikigaisha
太也株式会社,futoshinarikabushikigaisha
太介株式会社,futoshisukekabushikigaisha
太崇株式会社,futotakashikabushikigaisha
太海株式会社,futomikabushikigaisha
太豪株式会社,butogoukabushikigaisha
奥大株式会社,"o""kudaikabushikigaisha"
奥孝株式会社,"o""kutakashikabushikigaisha"
奥武株式会社,"o""kutakekabushikigaisha"
奥浩株式会社,"o""kuhirokabushikigaisha"
奥聖株式会社,"o""kuhijirikabushikigaisha"
奥郎株式会社,"o""kuroukabushikigaisha"
奥隼株式会社,"o""kuhayabusakabushikigaisha"
安也株式会社,yasunarikabushikigaisha
安人株式会社,yasuhitokabushikigaisha
安介株式会社,yasusukekabushikigaisha
安哉株式会社,yasukanakabushikigaisha
安啓株式会社,yasukeikabushikigaisha
安孝株式会社,yasutakashikabushikigaisha
安実株式会社,yasujitsukabushikigaisha
安斗株式会社,yasutokabushikigaisha
安暖株式会社,yasudannkabushikigaisha
安柊株式会社,yasuhiiragikabushikigaisha
安樹株式会社,yasujukabushikigaisha
安淳株式会社,yasujunnkabushikigaisha
安真株式会社,yasumakotokabushikigaisha
安瞬株式会社,yasushunnkabushikigaisha
安輝株式会社,yasuterukabushikigaisha
宮介株式会社,miyakaikabushikigaisha
宮健株式会社,miyakennkabushikigaisha
宮太株式会社,miyatakabushikigaisha
宮孝株式会社,miyatakashikabushikigaisha
宮希株式会社,miyanozomikabushikigaisha
宮徹株式会社,"miyatoo""rukabushikigaisha"
宮志株式会社,miyakokorozashikabushikigaisha
宮成株式会社,miyashigerukabushikigaisha
宮柊株式会社,miyahiiragikabushikigaisha
宮汰株式会社,miyatakabushikigaisha
宮浩株式会社,miyahiroshikabushikigaisha
宮真株式会社,miyamakotokabushikigaisha
宮磨株式会社,miyamakabushikigaisha
宮郎株式会社,miyaroukabushikigaisha
宮雅株式会社,miyamasashikabushikigaisha
小一株式会社,shouichikabushikigaisha
小也株式会社,shounarikabushikigaisha
小人株式会社,shouninnkabushikigaisha
小介株式会社,shousukekabushikigaisha
小光株式会社,shouhikarikabushikigaisha
小吾株式会社,kowakabushikigaisha
小太株式会社,shoubutokabushikigaisha
小孝株式会社,shoukoukabushikigaisha
小実株式会社,shoujitsukabushikigaisha
小巧株式会社,shoutakumikabushikigaisha
小心株式会社,shoushinnkabushikigaisha
小快株式会社,shoukaikabushikigaisha
小成株式会社,shouseikabushikigaisha
小斗株式会社,kotokabushikigaisha
小智株式会社,shouchikabushikigaisha
小暁株式会社,shouakatsukikabushikigaisha
小樹株式会社,shoukikabushikigaisha
小武株式会社,shoubukabushikigaisha
小汰株式会社,kotakabushikigaisha
小浩株式会社,shouhirokabushikigaisha
小淳株式会社,shoujunnkabushikigaisha
小湊株式会社,kominatokabushikigaisha
小生株式会社,shouseikabushikigaisha
小真株式会社,shoumakabushikigaisha
小瞬株式会社,shoushunnkabushikigaisha
小磨株式会社,komakabushikigaisha
小翔株式会社,shoushoukabushikigaisha
小航株式会社,shouwatarukabushikigaisha
小豊株式会社,shouyutakakabushikigaisha
小輝株式会社,shouterukabushikigaisha
小郎株式会社,koroukabushikigaisha
小陽株式会社,shouyoukabushikigaisha
尾佑株式会社,"o""yuukabushikigaisha"
尾大株式会社,"o""daikabushikigaisha"
尾孝株式会社,"o""takashikabushikigaisha"
尾巧株式会社,"o""takumikabushikigaisha"
尾楓株式会社,"o""kaedekabushikigaisha"
尾直株式会社,"o""sunao""kabushikigaisha"
山一株式会社,yamaichikabushikigaisha
山也株式会社,yamanarikabushikigaisha
山人株式会社,sannjinnkabushikigaisha
山介株式会社,yamasukekabushikigaisha
山俊株式会社,yamashunnkabushikigaisha
山創株式会社,yamakizukabushikigaisha
山哉株式会社,yamahajimekabushikigaisha
山啓株式会社,yamakeikabushikigaisha
山大株式会社,yamadaikabushikigaisha
山太株式会社,yamafutoshikabushikigaisha
山孝株式会社,yamatakashikabushikigaisha
山快株式会社,yamakaikabushikigaisha
山悟株式会社,yamasatorukabushikigaisha
山慶株式会社,yamakeikabushikigaisha
山暁株式会社,yamaakatsukikabushikigaisha
山望株式会社,yamanozomikabushikigaisha
山樹株式会社,yamakikabushikigaisha
山浩株式会社,yamahiroshikabushikigaisha
山生株式会社,yamaseikabushikigaisha
山真株式会社,yamamakotokabushikigaisha
山空株式会社,yamakarakabushikigaisha
山織株式会社,"yamao""rikabushikigaisha"
山航株式会社,yamawatarukabushikigaisha
山葵株式会社,wasabikabushikigaisha
山蒼株式会社,"yamaao""ikabushikigaisha"
山誠株式会社,yamamakotokabushikigaisha
山輝株式会社,yamaterukabushikigaisha
山郎株式会社,yamaroukabushikigaisha
岡人株式会社,"o""kajinnkabushikigaisha"
岡介株式会社,"o""kakaikabushikigaisha"
岡孝株式会社,"o""katakashikabushikigaisha"
岡平株式会社,"o""kahirakabushikigaisha"
岡斗株式会社,"o""katokabushikigaisha"
岡智株式会社,"o""kasatoshikabushikigaisha"
岡樹株式会社,"o""kajukabushikigaisha"
岡浩株式会社,"o""kahiroshikabushikigaisha"
岡空株式会社,"o""kakarakabushikigaisha"
岡郎株式会社,"o""karoukabushikigaisha"
岡駿株式会社,"o""kashunnkabushikigaisha"
岩人株式会社,iwajinnkabushikigaisha
岩介株式会社,iwasukekabushikigaisha
岩俊株式会社,iwashunnkabushikigaisha
岩哉株式会社,iwahajimekabushikigaisha
岩太株式会社,iwabutokabushikigaisha
岩孝株式会社,iwatakashikabushikigaisha
岩斗株式会社,iwatokabushikigaisha
岩新株式会社,iwashinnkabushikigaisha
岩智株式会社,iwasatoshikabushikigaisha
岩樹株式会社,iwakikabushikigaisha
岩貴株式会社,iwatakashikabushikigaisha
岩輝株式会社,iwaterukabushikigaisha
岩郎株式会社,iwaroukabushikigaisha
島介株式会社,shimasukekabushikigaisha
島孝株式会社,shimatakashikabushikigaisha
島樹株式会社,shimakikabushikigaisha
島真株式会社,shimamakotokabushikigaisha
島郎株式会社,shimaroukabushikigaisha
川人株式会社,kawahitokabushikigaisha
川介株式会社,kawasukekabushikigaisha
川吾株式会社,kawawakabushikigaisha
川大株式会社,kawadaikabushikigaisha
川太株式会社,kawafutoshikabushikigaisha
川孝株式会社,kawatakashikabushikigaisha
川彰株式会社,kawaakirakabushikigaisha
川斗株式会社,kawatokabushikigaisha
川望株式会社,kawanozomikabushikigaisha
川浩株式会社,kawahiroshikabushikigaisha
川海株式会社,kawaumikabushikigaisha
川渉株式会社,kawawatarukabushikigaisha
川空株式会社,kawakarakabushikigaisha
川貴株式会社,kawatakashikabushikigaisha
川輔株式会社,kawasukekabushikigaisha
川輝株式会社,kawaterukabushikigaisha
川郎株式会社,kawaroukabushikigaisha
工介株式会社,takumisukekabushikigaisha
工匠株式会社,koushoukabushikigaisha
工太株式会社,takumitakabushikigaisha
工樹株式会社,takumikikabushikigaisha
工浩株式会社,kouhirokabushikigaisha
工輝株式会社,takumiterukabushikigaisha
工郎株式会社,takumiroukabushikigaisha
市介株式会社,shisukekabushikigaisha
市孝株式会社,ichitakashikabushikigaisha
市航株式会社,ichiwatarukabushikigaisha
市郎株式会社,ichiroukabushikigaisha
平人株式会社,hirajinnkabushikigaisha
平介株式会社,heisukekabushikigaisha
平健株式会社,tairakennkabushikigaisha
平太株式会社,heitakabushikigaisha
平孝株式会社,tairatakashikabushikigaisha
平悟株式会社,tairasatorukabushikigaisha
平慧株式会社,tairasatoshikabushikigaisha
平斗株式会社,tairatokabushikigaisha
平武株式会社,tairatakeshikabushikigaisha
平浩株式会社,tairahiroshikabushikigaisha
平海株式会社,hiraumikabushikigaisha
平直株式会社,tairachokukabushikigaisha
平真株式会社,tairamakotokabushikigaisha
平郎株式会社,tairaroukabushikigaisha
平陽株式会社,tairayoukabushikigaisha
広介株式会社,hiroshisukekabushikigaisha
広哉株式会社,hiroyakabushikigaisha
広太株式会社,hiroshitakabushikigaisha
広孝株式会社,hirotakakabushikigaisha
広旭株式会社,hiroasahikabushikigaisha
広郎株式会社,hiroshiroukabushikigaisha
後一株式会社,goichikabushikigaisha
後浩株式会社,nochihirokabushikigaisha
後輝株式会社,ushiroterukabushikigaisha
後郎株式会社,nochiroukabushikigaisha
成也株式会社,shigerunarikabushikigaisha
成太株式会社,shigerutakabushikigaisha
成敦株式会社,shigeruatsushikabushikigaisha
成智株式会社,shigeruchikabushikigaisha
成樹株式会社,shigerukikabushikigaisha
成真株式会社,shigerumakotokabushikigaisha
成薫株式会社,"shigerukao""rukabushikigaisha"
斉俊株式会社,seishunnkabushikigaisha
斉啓株式会社,seikeikabushikigaisha
斉太株式会社,seitakabushikigaisha
斉奏株式会社,seisoukabushikigaisha
斉孝株式会社,seikoukabushikigaisha
斉樹株式会社,seikikabushikigaisha
斉浩株式会社,seihirokabushikigaisha
斉郎株式会社,seiroukabushikigaisha
斎也株式会社,itsukinarikabushikigaisha
斎介株式会社,itsukisukekabushikigaisha
斎悟株式会社,itsukisatorukabushikigaisha
斎斗株式会社,itsukitokabushikigaisha
斎潤株式会社,itsukijunnkabushikigaisha
斎空株式会社,itsukisorakabushikigaisha
斎輝株式会社,itsukiterukabushikigaisha
斎郎株式会社,itsukiroukabushikigaisha
新一株式会社,shinnichikabushikigaisha
新人株式会社,shinnjinnkabushikigaisha
新孝株式会社,shinnkoukabushikigaisha
新河株式会社,shinnkawakabushikigaisha
新稔株式会社,shinnminorukabushikigaisha
早人株式会社,hayahitokabushikigaisha
早地株式会社,hayachikabushikigaisha
早太株式会社,hayatakabushikigaisha
早孝株式会社,hayatakashikabushikigaisha
早朔株式会社,hayanorikabushikigaisha
早浩株式会社,hayahiroshikabushikigaisha
早輝株式会社,sakikabushikigaisha
星人株式会社,hoshijinnkabushikigaisha
星太株式会社,hoshitakabushikigaisha
星孝株式会社,hoshitakashikabushikigaisha
星平株式会社,seihirakabushikigaisha
星樹株式会社,hoshijukabushikigaisha
星浩株式会社,hoshihiroshikabushikigaisha
星真株式会社,hoshimakotokabushikigaisha
服也株式会社,fukunarikabushikigaisha
服介株式会社,fukusukekabushikigaisha
服太株式会社,fukubutokabushikigaisha
服暁株式会社,fukuakatsukikabushikigaisha
服浩株式会社,fukuhirokabushikigaisha
服真株式会社,fukumakabushikigaisha
服輝株式会社,fukuterukabushikigaisha
服郎株式会社,fukuroukabushikigaisha
望也株式会社,nozominarikabushikigaisha
望人株式会社,boujinnkabushikigaisha
望仁株式会社,nozomijinnkabushikigaisha
望暖株式会社,boudannkabushikigaisha
望郎株式会社,nozomiroukabushikigaisha
木人株式会社,kijinnkabushikigaisha
木介株式会社,kisukekabushikigaisha
木向株式会社,kimukekabushikigaisha
木吾株式会社,kiwakabushikigaisha
木孝株式会社,kitakashikabushikigaisha
木寛株式会社,kihiroshikabushikigaisha
木旬株式会社,kishunnkabushikigaisha
木浩株式会社,kihiroshikabushikigaisha
木淳株式会社,kijunnkabushikigaisha
木郎株式会社,kiroukabushikigaisha
木陽株式会社,kiyoukabushikigaisha
本吹株式会社,honnsuikabushikigaisha
本大株式会社,honndaikabushikigaisha
本孝株式会社,honntakashikabushikigaisha
本寛株式会社,honnhiroshikabushikigaisha
本明株式会社,honnmeikabushikigaisha
本汰株式会社,honntakabushikigaisha
本浩株式会社,honnhirokabushikigaisha
本真株式会社,honnmakotokabushikigaisha
本郎株式会社,honnroukabushikigaisha
杉一株式会社,sugiichikabushikigaisha
杉介株式会社,sugisukekabushikigaisha
杉地株式会社,sugichikabushikigaisha
杉孝株式会社,sugitakashikabushikigaisha
杉徹株式会社,"sugitoo""rukabushikigaisha"
杉樹株式会社,sugijukabushikigaisha
杉真株式会社,sugimakotokabushikigaisha
杉郎株式会社,"sugio""kabushikigaisha"
村介株式会社,murasukekabushikigaisha
村大株式会社,muradaikabushikigaisha
村太株式会社,murabutokabushikigaisha
村孝株式会社,muratakashikabushikigaisha
村浩株式会社,murahiroshikabushikigaisha
村湊株式会社,muraminatokabushikigaisha
村郎株式会社,muraroukabushikigaisha
村駿株式会社,murashunnkabushikigaisha
東人株式会社,higashijinnkabushikigaisha
東樹株式会社,higashikikabushikigaisha
東郎株式会社,azumaroukabushikigaisha
松也株式会社,matsunarikabushikigaisha
松人株式会社,matsujinnkabushikigaisha
松介株式会社,matsusukekabushikigaisha
松佑株式会社,matsuyuukabushikigaisha
松修株式会社,"matsuo""samukabushikigaisha"
松匠株式会社,matsutakumikabushikigaisha
松向株式会社,matsumukaikabushikigaisha
松大株式会社,matsudaikabushikigaisha
松太株式会社,matsufutoshikabushikigaisha
松奏株式会社,matsusoukabushikigaisha
松孝株式会社,matsutakashikabushikigaisha
松学株式会社,matsugakukabushikigaisha
松崇株式会社,matsutakashikabushikigaisha
松巧株式会社,matsutakumikabushikigaisha
松希株式会社,matsunozomikabushikigaisha
松拓株式会社,matsutakukabushikigaisha
松敦株式会社,matsuatsushikabushikigaisha
松明株式会社,taimatsukabushikigaisha
松朔株式会社,matsunorikabushikigaisha
松樹株式会社,matsukikabushikigaisha
松武株式会社,matsutakeshikabushikigaisha
松河株式会社,matsukawakabushikigaisha
松浩株式会社,matsuhiroshikabushikigaisha
松淳株式会社,matsujunnkabushikigaisha
松渉株式会社,matsuwatarukabushikigaisha
松空株式会社,matsukarakabushikigaisha
松篤株式会社,matsuatsushikabushikigaisha
松純株式会社,matsujunnkabushikigaisha
松葵株式会社,"matsuao""ikabushikigaisha"
松豪株式会社,matsugoukabushikigaisha
松貴株式会社,matsutakashikabushikigaisha
松輝株式会社,matsuterukabushikigaisha
松郎株式会社,"matsuo""kabushikigaisha"
松陽株式会社,matsuyoukabushikigaisha
松雅株式会社,matsumasashikabushikigaisha
林人株式会社,hayashijinnkabushikigaisha
林太株式会社,hayashifutoshikabushikigaisha
林孝株式会社,hayashitakashikabushikigaisha
林樹株式会社,hayashijukabushikigaisha
林聡株式会社,hayashisatoshikabushikigaisha
林郎株式会社,hayashiroukabushikigaisha
柴一株式会社,shibaichikabushikigaisha
柴人株式会社,shibajinnkabushikigaisha
柴介株式会社,shibakaikabushikigaisha
柴匠株式会社,shibatakumikabushikigaisha
柴樹株式会社,shibajukabushikigaisha
柴浩株式会社,shibahiroshikabushikigaisha
柴篤株式会社,shibaatsushikabushikigaisha
柴輝株式会社,shibaterukabushikigaisha
柴郎株式会社,shibaroukabushikigaisha
栗也株式会社,kurinarikabushikigaisha
栗介株式会社,kurisukekabushikigaisha
栗大株式会社,kuridaikabushikigaisha
栗敦株式会社,kuriatsushikabushikigaisha
栗望株式会社,kurinozomikabushikigaisha
桜人株式会社,sakurajinnkabushikigaisha
桜介株式会社,sakurasukekabushikigaisha
桜啓株式会社,sakurakeikabushikigaisha
桜孝株式会社,sakurakoukabushikigaisha
桜浩株式会社,sakurahirokabushikigaisha
桜海株式会社,sakuraumikabushikigaisha
森也株式会社,morinarikabushikigaisha
森人株式会社,morijinnkabushikigaisha
森介株式会社,morikaikabushikigaisha
森大株式会社,moridaikabushikigaisha
森太株式会社,moritakabushikigaisha
森孝株式会社,moritakashikabushikigaisha
森平株式会社,morihirakabushikigaisha
森新株式会社,morishinnkabushikigaisha
森樹株式会社,morijukabushikigaisha
森浩株式会社,morihiroshikabushikigaisha
森海株式会社,moriumikabushikigaisha
森淳株式会社,morijunnkabushikigaisha
森瑛株式会社,morieikabushikigaisha
森真株式会社,morimakotokabushikigaisha
森磨株式会社,morimakabushikigaisha
森蒼株式会社,"moriao""ikabushikigaisha"
森貴株式会社,moritakashikabushikigaisha
森輝株式会社,moriterukabushikigaisha
森郎株式会社,moriroukabushikigaisha
樋孝株式会社,toitakashikabushikigaisha
樋郎株式会社,toiroukabushikigaisha
横介株式会社,yokosukekabushikigaisha
横元株式会社,yokomotokabushikigaisha
横哉株式会社,yokokanakabushikigaisha
横孝株式会社,yokokoukabushikigaisha
横巧株式会社,yokokoukabushikigaisha
横志株式会社,yokokokorozashikabushikigaisha
横豪株式会社,yokogoukabushikigaisha
横郎株式会社,yokoroukabushikigaisha
橋人株式会社,hashijinnkabushikigaisha
橋介株式会社,hashisukekabushikigaisha
橋哉株式会社,hashihajimekabushikigaisha
橋太株式会社,hashifutoshikabushikigaisha
橋孝株式会社,hashitakashikabushikigaisha
橋篤株式会社,hashiatsushikabushikigaisha
橋郎株式会社,hashiroukabushikigaisha
武太株式会社,takeshitakabushikigaisha
武孝株式会社,taketakashikabushikigaisha
武崇株式会社,taketakashikabushikigaisha
武成株式会社,takeshigerukabushikigaisha
武樹株式会社,takeshikikabushikigaisha
武郎株式会社,takeshiroukabushikigaisha
武雅株式会社,takeshigakabushikigaisha
水介株式会社,suisukekabushikigaisha
水太株式会社,suibutokabushikigaisha
水孝株式会社,mizutakashikabushikigaisha
水岳株式会社,suitakekabushikigaisha
水旭株式会社,mizuasahikabushikigaisha
水郎株式会社,suiroukabushikigaisha
永一株式会社,eiichikabushikigaisha
永人株式会社,nagahitokabushikigaisha
永介株式会社,nagasukekabushikigaisha
永太株式会社,eitakabushikigaisha
永孝株式会社,eitakashikabushikigaisha
永希株式会社,einozomikabushikigaisha
永慧株式会社,eisatoshikabushikigaisha
永慶株式会社,eikeikabushikigaisha
永明株式会社,eimeikabushikigaisha
永浩株式会社,eihiroshikabushikigaisha
永郎株式会社,nagaroukabushikigaisha
永隼株式会社,eihayabusakabushikigaisha
池人株式会社,ikejinnkabushikigaisha
池創株式会社,ikekizukabushikigaisha
池和株式会社,ikewakabushikigaisha
池実株式会社,ikejitsukabushikigaisha
池慶株式会社,ikekeikabushikigaisha
池賢株式会社,ikekennkabushikigaisha
河介株式会社,kawasukekabushikigaisha
河修株式会社,"kawao""samukabushikigaisha"
河大株式会社,kawadaikabushikigaisha
河太株式会社,kawabutokabushikigaisha
河徹株式会社,"kawatoo""rukabushikigaisha"
河空株式会社,kawakarakabushikigaisha
河郎株式会社,kawaroukabushikigaisha
浅介株式会社,sennkaikabushikigaisha
浅太株式会社,asafutoshikabushikigaisha
浅朔株式会社,sennnorikabushikigaisha
浅湊株式会社,asaminatokabushikigaisha
浅郎株式会社,sennroukabushikigaisha
浜介株式会社,hamasukekabushikigaisha
浜優株式会社,hamayuukabushikigaisha
浜太株式会社,hamatakabushikigaisha
浜徹株式会社,"hamatoo""rukabushikigaisha"
浜郎株式会社,hamaroukabushikigaisha
清人株式会社,kiyohitokabushikigaisha
清崇株式会社,seitakashikabushikigaisha
清徹株式会社,"seitoo""rukabushikigaisha"
清望株式会社,seinozomikabushikigaisha
清聡株式会社,seisatoshikabushikigaisha
清貴株式会社,kiyotakakabushikigaisha
渡人株式会社,wataninnkabushikigaisha
渡元株式会社,watarimotokabushikigaisha
渡哉株式会社,watarukanakabushikigaisha
渡孝株式会社,wataritakashikabushikigaisha
渡岳株式会社,wataridakekabushikigaisha
渡武株式会社,wataritakeshikabushikigaisha
渡浩株式会社,watarihiroshikabushikigaisha
渡真株式会社,watarimakotokabushikigaisha
渡稔株式会社,watariminorukabushikigaisha
渡郎株式会社,wataruroukabushikigaisha
熊孝株式会社,kumatakashikabushikigaisha
熊浩株式会社,kumahiroshikabushikigaisha
熊瑛株式会社,kumaeikabushikigaisha
熊篤株式会社,kumaatsushikabushikigaisha
熊賢株式会社,kumakennkabushikigaisha
熊郎株式会社,"kumao""kabushikigaisha"
片也株式会社,katanarikabushikigaisha
片介株式会社,katasukekabushikigaisha
片孝株式会社,katatakashikabushikigaisha
片聖株式会社,katahijirikabushikigaisha
片郎株式会社,kataroukabushikigaisha
片響株式会社,katakyoukabushikigaisha
田也株式会社,tanarikabushikigaisha
田人株式会社,tajinnkabushikigaisha
田仁株式会社,tahitoshikabushikigaisha
田介株式会社,tasukekabushikigaisha
田優株式会社,tayuukabushikigaisha
田吾株式会社,dennwakabushikigaisha
田太株式会社,tafutoshikabushikigaisha
田孝株式会社,tatakashikabushikigaisha
田希株式会社,tanozomikabushikigaisha
田樹株式会社,taitsukikabushikigaisha
田河株式会社,tagawakabushikigaisha
田空株式会社,takarakabushikigaisha
田輝株式会社,taterukabushikigaisha
田郎株式会社,taroukabushikigaisha
矢夢株式会社,yayumekabushikigaisha
矢孝株式会社,yatakashikabushikigaisha
矢旬株式会社,yashunnkabushikigaisha
矢樹株式会社,yakikabushikigaisha
矢浩株式会社,yahiroshikabushikigaisha
矢輝株式会社,yaterukabushikigaisha
石一株式会社,ishiichikabushikigaisha
石人株式会社,ishijinnkabushikigaisha
石介株式会社,ishisukekabushikigaisha
石健株式会社,ishikennkabushikigaisha
石創株式会社,ishikizukabushikigaisha
石大株式会社,ishidaikabushikigaisha
石太株式会社,ishibutokabushikigaisha
石孝株式会社,ishitakashikabushikigaisha
石尊株式会社,ishitakerukabushikigaisha
石平株式会社,ishihirakabushikigaisha
石志株式会社,ishikokorozashikabushikigaisha
石快株式会社,ishikaikabushikigaisha
石旭株式会社,ishiasahikabushikigaisha
石柊株式会社,ishihiiragikabushikigaisha
石歩株式会社,ishiayumikabushikigaisha
石浩株式会社,ishihiroshikabushikigaisha
石空株式会社,ishikarakabushikigaisha
石輔株式会社,ishisukekabushikigaisha
石輝株式会社,ishiterukabushikigaisha
石郎株式会社,ishiroukabushikigaisha
石響株式会社,ishihibikikabushikigaisha
福人株式会社,fukujinnkabushikigaisha
福介株式会社,fukusukekabushikigaisha
福創株式会社,fukukizukabushikigaisha
福吾株式会社,fukuwarekabushikigaisha
福地株式会社,fukuchikabushikigaisha
福太株式会社,fukutakabushikigaisha
福孝株式会社,fukutakashikabushikigaisha
福希株式会社,fukukikabushikigaisha
福晴株式会社,fukuharekabushikigaisha
福歩株式会社,fukuayumikabushikigaisha
福浩株式会社,fukuhiroshikabushikigaisha
福瑛株式会社,fukueikabushikigaisha
福空株式会社,fukukarakabushikigaisha
福郎株式会社,fukuroukabushikigaisha
福駕株式会社,fukugakabushikigaisha
秋也株式会社,shuuyakabushikigaisha
秋地株式会社,akichikabushikigaisha
秋志株式会社,akikokorozashikabushikigaisha
秋汰株式会社,akitakabushikigaisha
竹人株式会社,takejinnkabushikigaisha
竹太株式会社,takefutoshikabushikigaisha
竹浩株式会社,takehiroshikabushikigaisha
竹真株式会社,takemakotokabushikigaisha
篠介株式会社,shinosukekabushikigaisha
篠晴株式会社,shinoseikabushikigaisha
篠淳株式会社,shinojunnkabushikigaisha
篠瑛株式会社,shinoeikabushikigaisha
篠空株式会社,shinokarakabushikigaisha
篠郎株式会社,shinoroukabushikigaisha
荒介株式会社,arakaikabushikigaisha
荒孝株式会社,aratakashikabushikigaisha
荒希株式会社,aranozomikabushikigaisha
荒拓株式会社,aratakukabushikigaisha
荒斗株式会社,aratokabushikigaisha
荒樹株式会社,arajukabushikigaisha
荒浩株式会社,arahiroshikabushikigaisha
荒真株式会社,aramakotokabushikigaisha
荒瞬株式会社,arashunnkabushikigaisha
荒聖株式会社,arakiyoshikabushikigaisha
荒賢株式会社,arakennkabushikigaisha
荒郎株式会社,araroukabushikigaisha
荒陽株式会社,arayoukabushikigaisha
菅也株式会社,kannnarikabushikigaisha
菅介株式会社,kannkaikabushikigaisha
菅俊株式会社,kannshunnkabushikigaisha
菅和株式会社,kannkazukabushikigaisha
菅太株式会社,kanntakabushikigaisha
菅希株式会社,kannnozomikabushikigaisha
菅浩株式会社,kannhiroshikabushikigaisha
菅真株式会社,kannmakotokabushikigaisha
菅舜株式会社,kannshunnkabushikigaisha
菅誠株式会社,kannmakotokabushikigaisha
菅郎株式会社,kannroukabushikigaisha
菅隼株式会社,kannhayabusakabushikigaisha
菊人株式会社,kikujinnkabushikigaisha
菊介株式会社,kikusukekabushikigaisha
菊修株式会社,"kikuo""samukabushikigaisha"
菊光株式会社,kikuhikarikabushikigaisha
菊太株式会社,kikubutokabushikigaisha
菊孝株式会社,kikutakashikabushikigaisha
菊斗株式会社,kikutokabushikigaisha
菊渉株式会社,kikuwatarukabushikigaisha
菊潤株式会社,kikujunnkabushikigaisha
菊直株式会社,"kikusunao""kabushikigaisha"
菊輝株式会社,kikuterukabushikigaisha
菊郎株式会社,"kikuo""kabushikigaisha"
萩介株式会社,hagikaikabushikigaisha
萩司株式会社,hagitsukasakabushikigaisha
萩哉株式会社,hagihajimekabushikigaisha
萩拓株式会社,hagitakukabushikigaisha
萩真株式会社,hagimakotokabushikigaisha
萩郎株式会社,hagiroukabushikigaisha
藤也株式会社,fujinarikabushikigaisha
藤介株式会社,fujisukekabushikigaisha
藤佑株式会社,fujiyuukabushikigaisha
藤創株式会社,fujisoukabushikigaisha
藤太株式会社,fujifutoshikabushikigaisha
藤孝株式会社,fujitakashikabushikigaisha
藤学株式会社,fujigakukabushikigaisha
藤成株式会社,fujishigerukabushikigaisha
藤斗株式会社,fujitokabushikigaisha
藤旭株式会社,fujiasahikabushikigaisha
藤樹株式会社,toujukabushikigaisha
藤浩株式会社,fujihiroshikabushikigaisha
藤真株式会社,fujimakabushikigaisha
藤磨株式会社,fujimakabushikigaisha
藤郎株式会社,fujiroukabushikigaisha
西一株式会社,nishiichikabushikigaisha
西介株式会社,nishisukekabushikigaisha
西吾株式会社,nishiwakabushikigaisha
西哉株式会社,nishihajimekabushikigaisha
西圭株式会社,nishikeikabushikigaisha
西大株式会社,nishidaikabushikigaisha
西太株式会社,nishitakabushikigaisha
西孝株式会社,nishitakashikabushikigaisha
西心株式会社,nishikokorokabushikigaisha
西慧株式会社,nishisatoshikabushikigaisha
西旬株式会社,nishishunnkabushikigaisha
西望株式会社,nishinozomikabushikigaisha
西樹株式会社,nishijukabushikigaisha
西汰株式会社,nishitakabushikigaisha
西浩株式会社,nishihiroshikabushikigaisha
西翔株式会社,nishishoukabushikigaisha
西豊株式会社,nishiyutakakabushikigaisha
西輔株式会社,nishitasukukabushikigaisha
西郎株式会社,nishiroukabushikigaisha
谷剛株式会社,tanitsuyoshikabushikigaisha
谷哉株式会社,tanihajimekabushikigaisha
谷夢株式会社,taniyumekabushikigaisha
谷孝株式会社,tanitakashikabushikigaisha
谷楓株式会社,tanikaedekabushikigaisha
谷歩株式会社,taniayumikabushikigaisha
谷薫株式会社,"tanikao""rukabushikigaisha"
谷郎株式会社,taniroukabushikigaisha
辻介株式会社,tsujikaikabushikigaisha
辻剛株式会社,tsujitsuyoshikabushikigaisha
辻向株式会社,tsujikoukabushikigaisha
辻太株式会社,tsujitakabushikigaisha
辻悟株式会社,tsujisatorukabushikigaisha
辻斗株式会社,tsujitokabushikigaisha
辻真株式会社,tsujimakotokabushikigaisha
辻空株式会社,tsujikarakabushikigaisha
辻郎株式会社,tsujiroukabushikigaisha
近孝株式会社,konntakashikabushikigaisha
近学株式会社,konngakukabushikigaisha
近樹株式会社,konnjukabushikigaisha
近浩株式会社,konnhiroshikabushikigaisha
近真株式会社,konnmakotokabushikigaisha
近郎株式会社,konnroukabushikigaisha
遠人株式会社,"o""nnninnkabushikigaisha"
遠大株式会社,enndaikabushikigaisha
遠歩株式会社,"too""ayumikabushikigaisha"
遠郎株式会社,"o""nnroukabushikigaisha"
酒孝株式会社,saketakashikabushikigaisha
酒旬株式会社,sakeshunnkabushikigaisha
酒暁株式会社,sakeakatsukikabushikigaisha
酒郎株式会社,sakeroukabushikigaisha
野也株式会社,nonarikabushikigaisha
野介株式会社,nosukekabushikigaisha
野吹株式会社,nosuikabushikigaisha
野太株式会社,nofutoshikabushikigaisha
野孝株式会社,notakashikabushikigaisha
野学株式会社,nogakukabushikigaisha
野岳株式会社,nogakukabushikigaisha
野新株式会社,noshinnkabushikigaisha
野暖株式会社,nodannkabushikigaisha
野樹株式会社,noitsukikabushikigaisha
野浩株式会社,nohiroshikabushikigaisha
野真株式会社,nomakotokabushikigaisha
野輝株式会社,noterukabushikigaisha
野郎株式会社,yaroukabushikigaisha
金一株式会社,kinnichikabushikigaisha
金也株式会社,kinnnarikabushikigaisha
金健株式会社,kimukennkabushikigaisha
金孝株式会社,kimutakashikabushikigaisha
金学株式会社,kanegakukabushikigaisha
金斗株式会社,kimutokabushikigaisha
金真株式会社,kimumakotokabushikigaisha
鈴也株式会社,suzunarikabushikigaisha
鈴介株式会社,suzusukekabushikigaisha
鈴成株式会社,suzushigerukabushikigaisha
鈴浩株式会社,suzuhiroshikabushikigaisha
鈴郎株式会社,suzuroukabushikigaisha
鎌介株式会社,kamasukekabushikigaisha
鎌孝株式会社,kamatakashikabushikigaisha
鎌平株式会社,kamahirakabushikigaisha
鎌斗株式会社,kamatokabushikigaisha
鎌生株式会社,kamaseikabushikigaisha
鎌郎株式会社,kamaroukabushikigaisha
鎌雅株式会社,kamamasashikabushikigaisha
長介株式会社,chousukekabushikigaisha
長哉株式会社,nagakanakabushikigaisha
長孝株式会社,nagakoukabushikigaisha
長晃株式会社,"o""saakirakabushikigaisha"
長浩株式会社,nagahirokabushikigaisha
長輝株式会社,nagaterukabushikigaisha
長郎株式会社,nagaroukabushikigaisha
長駿株式会社,"o""sashunnkabushikigaisha"
関也株式会社,sekinarikabushikigaisha
関人株式会社,kannninnkabushikigaisha
関健株式会社,sekikennkabushikigaisha
関創株式会社,sekisoukabushikigaisha
関太株式会社,sekitakabushikigaisha
関孝株式会社,sekitakashikabushikigaisha
関斗株式会社,sekitokabushikigaisha
関新株式会社,sekishinnkabushikigaisha
関朔株式会社,sekinorikabushikigaisha
関浩株式会社,kannhirokabushikigaisha
関真株式会社,sekimakotokabushikigaisha
関郎株式会社,sekiroukabushikigaisha
阿介株式会社,akaikabushikigaisha
阿太株式会社,atakabushikigaisha
阿孝株式会社,atakashikabushikigaisha
阿汰株式会社,atakabushikigaisha
阿真株式会社,amakotokabushikigaisha
阿郎株式会社,aroukabushikigaisha
青元株式会社,"ao""motokabushikigaisha"
青心株式会社,"ao""kokorokabushikigaisha"
青斗株式会社,"ao""tokabushikigaisha"
青朔株式会社,"ao""norikabushikigaisha"
青浩株式会社,"ao""hirokabushikigaisha"
青磨株式会社,"ao""makabushikigaisha"
青郎株式会社,"ao""roukabushikigaisha"
青響株式会社,"ao""kyoukabushikigaisha"
須介株式会社,sukaikabushikigaisha
須太株式会社,sutakabushikigaisha
須斗株式会社,sutokabushikigaisha
須浩株式会社,suhiroshikabushikigaisha
須賢株式会社,sukennkabushikigaisha
須郎株式会社,suroukabushikigaisha
飯介株式会社,meshisukekabushikigaisha
飯太株式会社,meshibutokabushikigaisha
飯孝株式会社,meshikoukabushikigaisha
飯輔株式会社,meshisukekabushikigaisha
飯郎株式会社,meshiroukabushikigaisha
馬介株式会社,umasukekabushikigaisha
馬孝株式会社,umatakashikabushikigaisha
馬心株式会社,umakokorokabushikigaisha
馬敦株式会社,umaatsushikabushikigaisha
馬樹株式会社,umakikabushikigaisha
馬渉株式会社,umawatarukabushikigaisha
馬郎株式会社,umaroukabushikigaisha
高人株式会社,kouhitokabushikigaisha
高介株式会社,kousukekabushikigaisha
高哉株式会社,kouhajimekabushikigaisha
高太株式会社,koutakabushikigaisha
高孝株式会社,koutakashikabushikigaisha
高崇株式会社,koutakashikabushikigaisha
高希株式会社,kounozomikabushikigaisha
高斗株式会社,koutokabushikigaisha
高晴株式会社,kouharekabushikigaisha
高樹株式会社,takakikabushikigaisha
高浩株式会社,kouhiroshikabushikigaisha
高海株式会社,kouumikabushikigaisha
高真株式会社,koumakotokabushikigaisha
高碧株式会社,koumidorikabushikigaisha
高織株式会社,"kouo""rikabushikigaisha"
高輔株式会社,kousukekabushikigaisha
高輝株式会社,koukikabushikigaisha
高郎株式会社,"takao""kabushikigaisha"
高雅株式会社,kougakabushikigaisha
高響株式会社,kouhibikikabushikigaisha
高駿株式会社,koushunnkabushikigaisha
黒元株式会社,kuromotokabushikigaisha
黒大株式会社,kurodaikabushikigaisha
黒孝株式会社,kurotakashikabushikigaisha
黒聖株式会社,kurohijirikabushikigaisha
黒郎株式会社,kuroroukabushikigaisha
